nflId,position,displayName
25511,QB,Tom Brady
29550,T,Jason Peters
29851,QB,Aaron Rodgers
30842,TE,Marcedes Lewis
33084,QB,Matt Ryan
33099,QB,Joe Flacco
33107,T,Duane Brown
33130,WR,DeSean Jackson
33131,DE,Calais Campbell
33138,QB,Chad Henne
34452,QB,Matthew Stafford
34754,QB,Chase Daniel
34843,QB,Brian Hoyer
35443,T,Trent Williams
35449,NT,Tyson Alualu
35452,DE,Brandon Graham
35454,DE,Jason Pierre-Paul
35459,SS,Kareem Jackson
35466,FS,Devin McCourty
35470,DE,Jerry Hughes
35472,G,Rodger Saffold
35493,OLB,Carlos Dunlap
35522,DT,Corey Peters
35562,NT,Al Woods
36785,T,Ty Nsekhe
37075,OLB,Von Miller
37077,WR,A.J. Green
37078,CB,Patrick Peterson
37079,WR,Julio Jones
37084,DE,J.J. Watt
37087,OLB,Robert Quinn
37097,DE,Cameron Jordan
37101,RB,Mark Ingram
37104,DT,Cameron Heyward
37110,QB,Andy Dalton
37118,TE,Kyle Rudolph
37130,C,Rodney Hudson
37139,WR,Randall Cobb
37145,OLB,Justin Houston
37213,T,Marcus Cannon
37255,QB,Tyrod Taylor
37266,C,Jason Kelce
37308,DT,Lawrence Guy
37724,CB,Chris Harris
37778,ILB,Josh Bynes
37792,ILB,Nick Bellore
37841,DE,Mario Addison
38538,QB,Ryan Tannehill
38540,CB,Stephon Gilmore
38542,DT,Fletcher Cox
38544,DE,Michael Brockers
38545,OLB,Bruce Irvin
38548,OLB,Melvin Ingram
38551,DE,Chandler Jones
38553,T,Riley Reiff
38557,G,Kevin Zeitler
38559,SS,Harrison Smith
38577,ILB,Bobby Wagner
38588,ILB,Lavonte David
38589,DE,Vinny Curry
38592,CB,Casey Hayward
38605,QB,Russell Wilson
38607,MLB,Demario Davis
38618,QB,Nick Foles
38619,DT,Akiem Hicks
38629,C,Ben Jones
38632,QB,Kirk Cousins
38683,T,Dennis Kelly
38696,WR,Marvin Jones
38707,FS,Justin Bethel
38779,T,Kelvin Beachum
38843,FS,Rodney McLeod
38852,SS,Michael Thomas
38868,FS,Tashaun Gipson
38937,QB,Case Keenum
38947,WR,Cole Beasley
39212,RB,Brandon Bolden
39646,WR,Josh Gordon
39684,G,Greg Van Roten
39908,FS,Erik Harris
39941,FS,Chris Banjo
39950,T,Lane Johnson
39965,G,Justin Pugh
39973,WR,DeAndre Hopkins
39975,RB,Cordarrelle Patterson
39983,TE,Zach Ertz
39984,CB,Darius Slay
39987,QB,Geno Smith
39989,WR,Robert Woods
39997,NT,Johnathan Hankins
39998,OLB,Jon Bostic
40000,OLB,Jamie Collins
40011,TE,Travis Kelce
40017,FS,Tyrann Mathieu
40023,T,Terron Armstead
40024,WR,Keenan Allen
40026,WR,Marquise Goodwin
40030,NT,John Jenkins
40031,FS,Logan Ryan
40039,SS,Duron Harmon
40048,DT,Akeem Spence
40057,T,David Bakhtiari
40074,DE,William Gholston
40078,FB,Kyle Juszczyk
40089,G,Oday Aboushi
40095,OLB,Steven Means
40096,OLB,A.J. Klein
40107,FS,Micah Hyde
40124,G,David Quessenberry
40129,RB,Latavius Murray
40138,RB,Rex Burkhead
40149,TE,Ryan Griffin
40166,SS,Jordan Poyer
40171,DT,Nicholas Williams
40347,NT,Mike Purcell
40463,OLB,Brandon Copeland
40488,WR,Adam Thielen
40494,CB,Nickell Robey
40737,SS,Tony Jefferson
41069,C,James Ferentz
41227,DE,Jadeveon Clowney
41230,WR,Sammy Watkins
41231,OLB,Khalil Mack
41232,T,Jake Matthews
41233,WR,Mike Evans
41235,OLB,Anthony Barr
41237,T,Taylor Lewan
41239,DT,Aaron Donald
41240,CB,Kyle Fuller
41242,G,Zack Martin
41243,ILB,C.J. Mosley
41245,T,Ja'Wuan James
41246,WR,Brandin Cooks
41256,FS,Jimmie Ward
41257,CB,Bradley Roby
41258,QB,Teddy Bridgewater
41263,DE,Demarcus Lawrence
41264,G,Joel Bitonio
41265,QB,Derek Carr
41269,OLB,Kyle Van Noy
41270,SS,Lamarcus Joyner
41279,OLB,Jeremiah Attaochu
41282,WR,Davante Adams
41290,WR,Allen Robinson
41291,QB,Jimmy Garoppolo
41292,WR,Jarvis Landry
41293,C,Justin Britt
41295,T,Morgan Moses
41296,T,Billy Turner
41300,OLB,Christian Kirksey
41310,G,Gabe Jackson
41321,G,Trai Turner
41324,G,Michael Schofield
41325,RB,Jerick McKinnon
41327,TE,Richard Rodgers
41336,DT,Justin Ellis
41341,DT,DaQuan Jones
41349,TE,Logan Thomas
41358,CB,Dontae Johnson
41361,OLB,Kevin Pierre-Louis
41363,DE,Brent Urban
41369,T,Cameron Fleming
41390,C,Corey Linsley
41403,OLB,Devon Kennard
41464,DE,Shelby Harris
41475,T,Charles Leno
41483,CB,Terrance Mitchell
41500,WR,Willie Snead
41532,T,James Hurst
41563,T,Cornelius Lucas
41595,NT,Mike Pennel
41599,ILB,Joe Thomas
41630,C,Justin McCray
41665,G,Tyler Shatley
41667,T,Josh Wells
41707,C,Tyler Larsen
41712,RB,Damien Williams
41786,DE,Kerry Hyder
41808,FB,Keith Smith
41915,OLB,Shaquil Barrett
41939,G,Andrew Norwell
41947,ILB,Christian Jones
41959,G,Matt Feiler
42030,CB,K'Waun Williams
42031,DE,Denico Autry
42033,TE,Cameron Brate
42116,SS,Adrian Phillips
42302,TE,Chris Manhertz
42331,DE,Efe Obada
42344,QB,Jameis Winston
42345,QB,Marcus Mariota
42346,OLB,Dante Fowler
42347,WR,Amari Cooper
42348,G,Brandon Scherff
42349,DT,Leonard Williams
42350,WR,Kevin White
42356,G,Andrus Peat
42357,WR,DeVante Parker
42358,RB,Melvin Gordon
42360,DT,Arik Armstead
42361,CB,Marcus Peters
42362,T,Cameron Erving
42363,WR,Nelson Agholor
42364,T,Cedric Ogbuehi
42365,OLB,Bud Dupree
42367,T,D.J. Humphries
42368,ILB,Shaq Thompson
42369,WR,Breshad Perriman
42371,G,Laken Tomlinson
42372,WR,Phillip Dorsett
42376,SS,Landon Collins
42377,T,Donovan Smith
42378,DT,Mario Edwards
42381,OLB,Preston Smith
42388,ILB,Eric Kendricks
42390,SS,Eric Rowe
42391,ILB,Denzel Perryman
42392,C,Mitch Morse
42393,CB,Ronald Darby
42395,DE,Jordan Phillips
42397,RB,Ameer Abdullah
42398,TE,Maxx Williams
42400,T,Rob Havenstein
42401,OLB,Markus Golden
42403,DE,Randy Gregory
42406,DE,Frank Clark
42410,G,A.J. Cann
42412,WR,Tyler Lockett
42416,RB,Tevin Coleman
42419,WR,Chris Conley
42421,CB,P.J. Williams
42427,ILB,Jordan Hicks
42428,TE,Tyler Kroft
42431,OLB,Danielle Hunter
42433,NT,Carl Davis
42436,DE,Henry Anderson
42437,WR,Ty Montgomery
42441,CB,Steven Nelson
42443,DT,Angelo Blackson
42444,OLB,Trey Flowers
42448,WR,Jamison Crowder
42465,OLB,Za'Darius Smith
42467,OLB,Kwon Alexander
42469,RB,Mike Davis
42470,MLB,Damien Wilson
42471,C,Jon Feliciano
42474,G,Shaquille Mason
42476,G,Max Garcia
42477,G,Mark Glowinski
42480,DT,Grady Jarrett
42485,FS,Adrian Amos
42486,TE,MyCole Pruitt
42488,FS,Bobby McCain
42489,WR,Stefon Diggs
42500,TE,C.J. Uzomah
42503,TE,Jesse James
42511,FB,Michael Burton
42512,MLB,David Mayo
42514,TE,Nick Boyle
42543,FS,Quandre Diggs
42547,TE,Darren Waller
42553,DT,Christian Ringo
42559,NT,Christian Covington
42560,NT,Rakeem Nunez-Roches
42569,T,Bobby Hart
42587,T,Trenton Brown
42589,TE,Geoff Swaim
42593,QB,Trevor Siemian
42654,T,La'el Collins
42718,RB,Raheem Mostert
42721,TE,Eric Tomlinson
42771,ILB,Neville Hewitt
42794,WR,DeAndre Carter
42816,CB,Troy Hill
42818,WR,Jake Kumerow
42826,DT,DeShawn Williams
42827,CB,Justin Coleman
42831,QB,Taylor Heinicke
42837,RB,Malcolm Brown
42883,C,David Andrews
42899,WR,Damiere Byrd
42901,SS,Dean Marlowe
42929,OLB,Alex Singleton
42935,CB,Bryce Callahan
42954,C,Greg Mancz
43092,DT,T.Y. McGill
43290,QB,Jared Goff
43291,QB,Carson Wentz
43292,OLB,Joey Bosa
43293,RB,Ezekiel Elliott
43294,CB,Jalen Ramsey
43295,T,Ronnie Stanley
43296,DT,DeForest Buckner
43297,T,Jack Conklin
43298,DE,Leonard Floyd
43299,CB,Eli Apple
43301,DT,Sheldon Rankins
43302,T,Laremy Tunsil
43305,T,Taylor Decker
43306,FS,Keanu Neal
43307,C,Ryan Kelly
43308,DE,Shaq Lawson
43313,CB,William Jackson
43314,CB,Artie Burns
43316,NT,Kenny Clark
43321,DE,Emmanuel Ogbah
43323,MLB,Jaylon Smith
43324,TE,Hunter Henry
43325,ILB,Myles Jack
43326,DT,Chris Jones
43327,CB,Xavien Howard
43329,WR,Sterling Shepard
43332,NT,Austin Johnson
43333,OLB,Jihad Ward
43334,RB,Derrick Henry
43335,DT,A'Shawn Robinson
43336,WR,Michael Thomas
43338,DT,Jarran Reed
43339,C,Nick Martin
43341,ILB,Deion Jones
43344,WR,Tyler Boyd
43345,G,Cody Whitehair
43350,SS,Vonn Bell
43351,CB,James Bradberry
43352,DE,Adam Gotsis
43353,FS,Kevin Byard
43354,OLB,Carl Nassib
43356,DT,Maliek Collins
43358,DE,Yannick Ngakoue
43361,DE,Jonathan Bullard
43362,RB,Kenyan Drake
43366,CB,Daryl Worley
43367,G,Joe Thuney
43368,G,Isaac Seumalo
43370,TE,Austin Hooper
43373,CB,Kendall Fuller
43376,ILB,Nick Vigil
43378,DT,Javon Hargrave
43380,QB,Jacoby Brissett
43383,TE,Nick Vannett
43384,G,Graham Glasgow
43387,FS,Justin Simmons
43388,ILB,Joe Schobert
43395,FS,Eric Murray
43396,WR,Chris Moore
43399,TE,Tyler Higbee
43400,SS,Miles Killebrew
43404,ILB,De'Vondre Campbell
43405,DT,Hassan Ridgeway
43407,SS,Juston Burris
43409,DT,David Onyemata
43411,DT,Andrew Billings
43413,SS,Deon Bush
43415,WR,Demarcus Robinson
43420,ILB,Blake Martinez
43424,QB,Dak Prescott
43426,DE,Dean Lowry
43433,C,Connor McGovern
43435,OLB,Matt Judon
43436,DE,Quinton Jefferson
43439,RB,Jordan Howard
43441,DT,Matt Ioannidis
43444,T,Joe Haeg
43445,RB,Jonathan Williams
43447,T,Brandon Shell
43454,WR,Tyreek Hill
43455,NT,D.J. Reader
43461,WR,Rashard Higgins
43474,FS,DeAndre Houston-Carson
43478,CB,Anthony Brown
43484,G,Wes Schweitzer
43487,FB,Derek Watt
43490,QB,Brandon Allen
43495,WR,Mike Thomas
43496,QB,Jeff Driskel
43497,ILB,Kamu Grugier-Hill
43503,ILB,Elandon Roberts
43508,FS,Will Parks
43510,C,Ted Karras
43522,CB,Jalen Mills
43525,RB,Dwayne Washington
43533,FS,Jayron Kearse
43534,SS,Clayton Fejedelem
43537,C,Austin Blythe
43584,WR,Kalif Raymond
43586,T,George Fant
43616,FS,Matthias Farley
43641,CB,Mike Hilton
43694,NT,Michael Pierce
43700,CB,Jonathan Jones
43722,RB,J.D. McKissic
43757,SS,Andrew Adams
43780,DT,Brandin Bryant
43787,DT,Roy Robertson-Harris
43791,DE,Morgan Fox
43797,OLB,Cory Littleton
43808,WR,Robbie  Chosen
43821,C,Jake Brendel
43845,TE,Stephen Anderson
43938,DT,Antwaun Woods
43971,FB,C.J. Ham
43986,CB,Antonio Hamilton
44003,WR,Marcus Johnson
44009,TE,J.P. Holtz
44068,G,Lucas Patrick
44174,ILB,Sam Eguavoen
44792,TE,Mo Alie-Cox
44813,DE,Myles Garrett
44814,QB,Mitchell Trubisky
44815,DT,Solomon Thomas
44816,RB,Leonard Fournette
44817,WR,Corey Davis
44818,SS,Jamal Adams
44819,WR,Mike Williams
44820,RB,Christian McCaffrey
44822,QB,Patrick Mahomes
44823,CB,Marshon Lattimore
44825,OLB,Haason Reddick
44826,DE,Derek Barnett
44827,FS,Malik Hooker
44828,CB,Marlon Humphrey
44829,DT,Jonathan Allen
44830,CB,Adoree' Jackson
44831,TE,O.J. Howard
44832,T,Garett Bolles
44834,OLB,Charles Harris
44835,TE,Evan Engram
44837,SS,Jabrill Peppers
44838,DE,Takkarist McKinley
44841,TE,David Njoku
44842,OLB,T.J. Watt
44844,T,Ryan Ramczyk
44846,T,Cam Robinson
44848,SS,Budda Baker
44849,WR,Zay Jones
44851,FS,Marcus Maye
44852,WR,Curtis Samuel
44853,RB,Dalvin Cook
44854,FS,Marcus Williams
44855,CB,Sidney Jones
44856,TE,Gerald Everett
44858,CB,Quincy Wilson
44859,OLB,Tyus Bowser
44860,RB,Joe Mixon
44861,OLB,Ryan Anderson
44862,SS,Justin Evans
44863,DE,DeMarcus Walker
44866,ILB,Raekwon McMillan
44867,DT,Dalvin Tomlinson
44869,ILB,Zach Cunningham
44870,C,Ethan Pocic
44871,DE,Tanoh Kpassagnon
44872,CB,Chidobe Awuzie
44873,FS,Josh Jones
44874,WR,JuJu Smith-Schuster
44875,T,Dion Dawkins
44876,T,Taylor Moton
44877,DT,Larry Ogunjobi
44878,CB,Ahkello Witherspoon
44879,RB,Alvin Kamara
44880,DE,Dawuane Smoot
44881,WR,Cooper Kupp
44882,C,Pat Elflein
44886,DE,Chris Wormley
44887,ILB,Duke Riley
44888,ILB,Alex Anzalone
44892,DE,Tarell Basham
44893,CB,Fabian Moreau
44896,WR,Chris Godwin
44898,RB,Kareem Hunt
44901,RB,D'Onta Foreman
44902,CB,Shaquill Griffin
44903,FS,John Johnson
44904,CB,Jourdan Lewis
44905,NT,Montravius Adams
44906,CB,Cameron Sutton
44908,WR,Kenny Golladay
44911,CB,Rasul Douglas
44912,TE,Jonnu Smith
44915,DE,Trey Hendrickson
44917,RB,James Conner
44922,DT,Jaleel Johnson
44925,SS,Eddie Jackson
44926,SS,Rayshawn Jenkins
44927,RB,Samaje Perine
44929,DE,Carl Lawson
44930,WR,Josh Reynolds
44931,WR,Mack Hollins
44937,OLB,Jalen Reeves-Maybin
44938,DE,Samson Ebukam
44944,DE,Deatrich Wise
44947,RB,Jamaal Williams
44949,C,Sean Harlow
44955,DE,Carlos Watkins
44957,DT,Grover Stewart
44959,TE,George Kittle
44964,CB,Desmond King
44968,OLB,Jayon Brown
44972,G,Jermaine Eluemunor
44974,MLB,Anthony Walker
44976,OLB,Matt Milano
44978,WR,Jamal Agnew
44985,WR,Isaiah McKenzie
44987,TE,Eric Saubert
44990,WR,Trent Taylor
44991,NT,Davon Godchaux
44995,RB,Aaron Jones
44999,SS,Chuck Clark
45004,FS,Xavier Woods
45005,RB,Alex Armah
45008,ILB,Tanner Vallejo
45009,DE,Al-Quadin Muhammad
45011,DT,D.J. Jones
45012,C,Chase Roullier
45021,SS,Rudy Ford
45024,T,Conor McDermott
45030,C,Corey Levin
45033,DE,Ifeadi Odenigbo
45038,DE,Isaac Rochell
45045,OLB,Elijah Lee
45052,WR,Noah Brown
45056,G,Kyle Fuller
45063,DE,Pat O'Connor
45064,TE,Mason Schreck
45069,C,Daniel Brunskill
45094,TE,Johnny Mundt
45102,WR,Zach Pascal
45159,QB,Phillip Walker
45185,WR,Kendrick Bourne
45186,RB,Matt Breida
45198,QB,Nick Mullens
45203,DE,Tashawn Bower
45215,OLB,Eric Wilson
45217,TE,Cethan Carter
45226,NT,Josh Tupou
45244,TE,Taysom Hill
45268,FB,Patrick Ricard
45280,WR,Cody Hollister
45281,TE,Jacob Hollister
45287,CB,Kenny Moore
45339,TE,Pharaoh Brown
45345,OLB,Nicholas Morrow
45352,ILB,Austin Calitro
45355,TE,Anthony Firkser
45369,WR,Marcus Kemp
45395,CB,Arthur Maulet
45507,WR,Tanner Gentry
45533,ILB,Joseph Jones
45536,QB,Cooper Rush
45550,T,Elijah Wilkinson
45555,WR,Keelan Cole
45571,CB,Michael Davis
45573,RB,Austin Ekeler
45630,T,Storm Norton
45635,TE,Robert Tonyan
45643,ILB,Dylan Cole
45695,G,Andrew Wylie
45719,RB,Dare Ogunbowale
45721,T,Dan Skipper
45785,TE,Dan Arnold
45798,G,Michael Dunn
45900,WR,River Cracraft
46070,QB,Baker Mayfield
46071,RB,Saquon Barkley
46073,CB,Denzel Ward
46074,OLB,Bradley Chubb
46075,G,Quenton Nelson
46076,QB,Josh Allen
46077,ILB,Roquan Smith
46078,T,Mike McGlinchey
46080,FS,Minkah Fitzpatrick
46081,NT,Vita Vea
46082,DT,Daron Payne
46083,DE,Marcus Davenport
46084,T,Kolton Miller
46085,ILB,Tremaine Edmunds
46086,FS,Derwin James
46087,CB,Jaire Alexander
46088,OLB,Leighton Vander Esch
46089,C,Frank Ragnow
46090,C,Billy Price
46091,ILB,Rashaan Evans
46092,T,Isaiah Wynn
46093,WR,D.J. Moore
46094,TE,Hayden Hurst
46096,RB,Rashaad Penny
46097,SS,Terrell Edmunds
46098,DT,Taven Bryan
46099,CB,Mike Hughes
46100,RB,Sony Michel
46101,QB,Lamar Jackson
46102,G,Austin Corbett
46103,G,Will Hernandez
46104,RB,Nick Chubb
46105,MLB,Shaquille Leonard
46106,T,Braden Smith
46108,G,James Daniels
46109,WR,Courtland Sutton
46111,TE,Mike Gesicki
46113,WR,Dante Pettis
46114,CB,Josh Jackson
46116,WR,Christian Kirk
46117,OLB,Uchenna Nwosu
46118,TE,Dallas Goedert
46119,G,Connor Williams
46121,DE,Kemoko Turay
46122,SS,M.J. Stewart
46123,FS,Jessie Bates
46124,CB,Donte Jackson
46127,CB,Isaiah Oliver
46130,WR,D.J. Chark
46131,T,Brian O'Neill
46132,CB,Carlton Davis
46133,DE,Tyquan Lewis
46135,OLB,Lorenzo Carter
46137,SS,Justin Reid
46138,DT,B.J. Hill
46139,ILB,Fred Warner
46141,DT,Nathan Shepherd
46142,ILB,Jerome Baker
46143,T,Geron Christian
46144,DT,Derrick Nnadi
46146,DE,Sam Hubbard
46148,DE,Rasheem Green
46150,WR,Michael Gallup
46151,FS,Tracy Walker
46152,T,Orlando Brown
46153,DT,Justin Jones
46155,TE,Mark Andrews
46156,OLB,Arden Key
46157,OLB,Oren Burks
46158,T,Joseph Noteboom
46159,DT,Deadrin Senat
46160,WR,Tre'Quan Smith
46161,T,Chukwuma Okorafor
46162,SS,Ronnie Harrison
46163,G,Alex Cappa
46164,SS,Tarvarius Moore
46165,DT,Harrison Phillips
46166,C,Mason Cole
46167,TE,Jordan Akins
46168,CB,Isaac Yiadom
46170,TE,Ian Thomas
46173,RB,Nyheim Hines
46175,ILB,Josey Jewell
46180,C,Brian Allen
46183,DE,Da'Shawn Hand
46185,DE,Dorance Armstrong
46186,SS,Jordan Whitehead
46187,CB,Anthony Averett
46188,ILB,Kyzir White
46189,TE,Will Dissly
46190,CB,Taron Johnson
46192,TE,Durham Smythe
46194,CB,Avonte Maddox
46197,DT,Kentavius Street
46199,DE,Josh Sweat
46203,RB,Chase Edmonds
46204,DE,John Franklin-Myers
46205,OLB,Marquis Haynes
46206,TE,Dalton Schultz
46211,CB,D.J. Reed
46212,ILB,Ja'Whaun Bentley
46213,WR,Justin Watson
46214,DT,Bilal Nichols
46215,CB,Tre Flowers
46219,DE,Genard Avery
46223,CB,Siran Neal
46224,C,Scott Quessenberry
46226,TE,Tyler Conklin
46229,DE,Ogbonnia Okoronkwo
46232,DT,Tim Settle
46235,G,Wyatt Teller
46238,RB,Jordan Wilkins
46243,WR,Marquez Valdes-Scantling
46249,DT,Folorunso Fatukasi
46253,OLB,Marcell Harris
46255,DE,Jake Martin
46256,WR,Ray-Ray McCloud
46259,FS,DeShon Elliott
46263,WR,Russell Gage
46264,NT,Sebastian Joseph
46269,ILB,Foyesade Oluokun
46270,RB,Boston Scott
46275,T,Matt Pryor
46276,WR,Equanimeous St. Brown
46277,WR,Cedrick Wilson
46278,CB,Cornell Armstrong
46279,WR,Braxton Berrios
46282,G,Colby Gossett
46284,C,Bradley Bozeman
46290,OLB,Matthew Adams
46293,WR,Javon Wims
46302,T,Jordan Mailata
46304,OLB,Zaire Franklin
46307,DT,Zach Sieler
46309,WR,Richie James
46312,CB,Keion Crossen
46314,C,Will Clapp
46320,RB,Justin Jackson
46329,CB,Danny Johnson
46331,TE,Ross Dwelley
46338,G,Jeremiah Kolone
46349,FS,George Odum
46354,CB,Emmanuel Moseley
46362,WR,Cam Sims
46367,RB,Phillip Lindsay
46376,G,Coleman Shelton
46377,RB,Jeffery Wilson
46378,SS,J.T. Gray
46387,DT,Kendal Vickers
46404,C,J.C. Hassenauer
46407,CB,Chris Lammons
46437,RB,Gus Edwards
46446,TE,Kevin Rader
46456,CB,Darious Williams
46457,OLB,Olasunkanmi Adeniyi
46461,RB,Mike Boone
46487,DE,Poona Ford
46501,CB,Elijah Campbell
46504,DT,Daniel Ekuale
46506,RB,Dontrell Hilliard
46521,ILB,Ben Niemann
46522,WR,Byron Pringle
46526,RB,Darrel Williams
46527,ILB,Frankie Luvu
46542,WR,Keith Kirkwood
46543,DT,Henry Mondeaux
46618,DT,Taylor Stallworth
46629,C,Nick Gates
46630,CB,Jalen Davis
46649,FS,Jeremy Reaves
46652,CB,Chandon Sullivan
46657,OLB,Dennis Gardeck
46669,FS,Jonathan Owens
46671,WR,Trent Sherfield
46672,CB,Tavierre Thomas
46674,ILB,Ezekiel Turner
46679,C,Evan Brown
46680,SS,Sean Chandler
46686,CB,Grant Haley
46698,CB,Levi Wallace
46699,CB,Dee Delaney
46700,CB,Tre Herndon
46705,WR,Allen Lazard
46706,T,KC McDermott
46711,SS,Ryan Neal
46729,CB,Brandon Facyson
46755,T,Trenton Scott
46757,CB,Charvarius Ward
46771,DE,Abdullah Anderson
46775,CB,J.C. Jackson
46796,DE,Demone Harris
46797,TE,Tanner Hudson
46823,CB,Mike Ford
46830,WR,Brandon Powell
46841,DT,Matt Dickerson
46846,FS,Joshua Kalu
46902,ILB,Robert Spillane
46958,ILB,Chris Board
46992,WR,KhaDarel Hodge
46998,WR,Malik Turner
47605,RB,D'Ernest Johnson
47749,FB,Jakob Johnson
47784,QB,Kyler Murray
47785,DE,Nick Bosa
47786,NT,Quinnen Williams
47787,DE,Clelin Ferrell
47788,ILB,Devin White
47789,QB,Daniel Jones
47790,OLB,Josh Allen
47791,TE,T.J. Hockenson
47792,DT,Ed Oliver
47793,ILB,Devin Bush
47794,T,Jonah Williams
47795,OLB,Rashan Gary
47796,DT,Christian Wilkins
47797,G,Chris Lindstrom
47799,OLB,Brian Burns
47800,DT,Dexter Lawrence
47801,C,Garrett Bradbury
47802,DT,Jeffery Simmons
47803,TE,Noah Fant
47804,SS,Darnell Savage
47805,T,Andre Dillard
47806,T,Tytus Howard
47807,RB,Josh Jacobs
47808,WR,Marquise Brown
47809,DE,Montez Sweat
47810,SS,Johnathan Abram
47811,DT,Jerry Tillery
47812,DE,L.J. Collier
47814,T,Kaleb McGary
47815,WR,N'Keal Harry
47816,CB,Byron Murphy
47817,CB,Rock Ya-Sin
47818,T,Jawaan Taylor
47819,WR,Deebo Samuel
47820,T,Greg Little
47821,G,Cody Ford
47822,CB,Sean Murphy-Bunting
47823,CB,Trayvon Mullen
47824,G,Dalton Risner
47826,ILB,Jahlani Tavai
47827,G,Elgton Jenkins
47829,CB,Greedy Williams
47830,FS,Marquise Blair
47831,C,Erik McCoy
47832,DE,Ben Banogu
47833,TE,Irv Smith
47834,WR,A.J. Brown
47835,TE,Drew Sample
47836,RB,Miles Sanders
47837,CB,Lonnie Johnson
47838,G,Max Scharping
47839,WR,Mecole Hardman
47841,DT,Trysten Hill
47842,WR,Parris Campbell
47843,FS,Nasir Adderley
47844,FS,Taylor Rapp
47845,WR,Andy Isabella
47846,FS,Juan Thornhill
47847,WR,DK Metcalf
47848,DE,Zach Allen
47849,WR,Diontae Johnson
47852,TE,Josh Oliver
47853,RB,Darrell Henderson
47854,DE,Dre'Mont Jones
47855,OLB,Germaine Pratt
47856,RB,David Montgomery
47857,RB,Devin Singletary
47859,WR,Terry McLaurin
47860,DE,Chase Winovich
47862,CB,David Long
47863,OLB,Sione Takitaki
47864,SS,Will Harris
47865,G,Nate Davis
47866,CB,Justin Layne
47867,DT,Khalen Saunders
47870,RB,Damien Harris
47871,MLB,Cody Barton
47872,ILB,Bobby Okereke
47873,G,Connor McGovern
47874,T,Trey Pipkins
47876,WR,Miles Boykin
47877,CB,Jamel Dean
47878,OLB,Oshane Ximines
47879,TE,Dawson Knox
47880,G,Bobby Evans
47881,OLB,Quincy Williams
47882,FS,Mike Edwards
47884,T,Yodny Cajuste
47885,RB,Alexander Mattison
47888,SS,Chauncey Gardner-Johnson
47889,DE,Maxx Crosby
47890,OLB,Anthony Nelson
47891,SS,Julian Love
47896,RB,Justice Hill
47899,FS,Amani Hooker
47900,OLB,Austin Bryant
47901,C,Hjalte Froholdt
47904,TE,Trevon Wesco
47906,G,Ben Powers
47907,G,Phil Haynes
47911,RB,Tony Pollard
47913,ILB,Drue Tranquill
47915,FS,Ugochukwu Amadi
47916,QB,Jarrett Stidham
47917,NT,Greg Gaines
47918,DT,John Cominsky
47920,TE,Foster Moreau
47922,SS,Deionte Thompson
47924,TE,Zach Gentry
47929,CB,Amani Oruwariye
47931,ILB,Dre Greenlaw
47932,WR,Hunter Renfrow
47934,OLB,Andrew Van Ginkel
47938,OLB,Mack Wilson
47939,OLB,Justin Hollins
47940,ILB,Blake Cashman
47941,CB,Michael Jackson
47942,DT,Byron Cowart
47944,DE,Charles Omenihu
47947,OLB,E.J. Speed
47952,G,David Edwards
47954,WR,Darius Slayton
47956,ILB,Cole Holcomb
47961,QB,Gardner Minshew
47964,FS,Jaquan Johnson
47969,RB,Ty Johnson
47970,WR,Juwann Winfree
47971,ILB,David Long
47973,NT,Armon Watts
47974,SS,Marcus Epps
47975,DT,Isaiah Buggs
47976,G,Olisaemeka Udoh
47980,QB,Trace McSorley
47984,CB,Rashad Fenton
47987,RB,Travis Homer
47991,WR,Scott Miller
47995,T,Dennis Daley
47996,SS,Donovan Wilson
47999,G,Nick Allegretti
48000,CB,Kris Boyd
48008,OLB,Darryl Johnson
48011,TE,Tommy Sweeney
48013,OLB,Quinton Bell
48017,RB,Myles Gaskin
48023,T,Jackson Barton
48026,SS,Nick Scott
48027,OLB,Kaden Elliss
48032,DE,Michael Dogbe
48051,WR,Steven Sims
48085,T,Fred Johnson
48089,OLB,Malik Reed
48090,QB,Brett Rypien
48094,T,Calvin Anderson
48096,TE,Andrew Beck
48097,WR,Jakobi Meyers
48117,OLB,Demetrius Flannigan-Fowles
48118,WR,Ashton Dulin
48119,WR,Penny Hart
48123,DT,Kevin Givens
48145,DE,Wyatt Ray
48158,G,Alex Bars
48159,C,Sam Mustipher
48170,DE,Jonathan Harris
48181,T,Yosuah Nijman
48198,NT,Bryan Mone
48207,FB,Khari Blasingame
48220,G,Patrick Mekari
48225,G,Lester Cotton
48226,LS,Matt Orzech
48233,FB,Alec Ingold
48235,C,Andre James
48241,CB,Keisean Nixon
48259,ILB,Darius Harris
48268,ILB,Azeez Al-Shaair
48301,DT,Jalen Dalton
48308,DE,Jonathan Kongbo
48318,RB,Devine Ozigbo
48374,WR,Olamide Zaccheaus
48415,WR,Deonte Harty
48447,FS,P.J. Locke
48454,FS,C.J. Moore
48455,T,Matt Nelson
48456,TE,Donald Parham
48458,OLB,Anthony Pittman
48462,DE,Kevin Strong
48471,WR,Trenton Irwin
48473,DE,Jonathan Ledbetter
48475,TE,Chris Myarick
48476,CB,Nik Needham
48482,MLB,Tyrel Dodson
48485,G,Blake Hance
48487,CB,Cameron Lewis
48489,WR,David Sills
48495,CB,Tae Hayes
48500,CB,Saivion Smith
48508,FS,Andrew Wingard
48512,C,Ryan Bates
48513,G,Nate Herbig
48514,G,Iosua Opeta
48516,ILB,T.J. Edwards
48520,DT,Anthony Rush
48530,WR,Stanley Morgan
48537,DE,Carl Granderson
48541,WR,Lil'Jordan Humphrey
48544,DT,Shy Tuttle
48555,OLB,Luke Gifford
48556,WR,Jalen Guyton
48566,DE,Daniel Wise
48576,WR,Jason Moore
48580,TE,Matt Sokol
48581,SS,Roderic Teamer
48588,MLB,Jordan Kunaszyk
48601,WR,Tyron Johnson
48646,WR,Greg Dortch
48657,WR,Jeff Smith
48669,NT,Isaiah Mack
48680,WR,Tom Kennedy
48683,TE,Joe Fortson
48700,TE,Jesper Horsted
48707,RB,Craig Reynolds
48723,TE,Parker Hesse
48766,TE,Kendall Blanton
48770,DT,Marquise Copeland
48772,ILB,Jake Gervase
48780,ILB,Troy Reeder
48786,T,Chandler Brewer
48988,WR,Gunner Olszewski
49410,FS,Jalen Thompson
52272,CB,Dee Alford
52409,QB,Joe Burrow
52411,CB,Jeff Okudah
52412,T,Andrew Thomas
52413,QB,Tua Tagovailoa
52414,QB,Justin Herbert
52415,DE,Derrick Brown
52416,DB,Isaiah Simmons
52417,CB,C.J. Henderson
52418,T,Jedrick Wills
52421,T,Tristan Wirfs
52422,DT,Javon Kinlaw
52423,WR,Jerry Jeudy
52424,CB,A.J. Terrell
52425,WR,CeeDee Lamb
52426,T,Austin Jackson
52428,OLB,K'Lavon Chaisson
52429,WR,Jalen Reagor
52430,WR,Justin Jefferson
52431,ILB,Kenneth Murray
52432,G,Cesar Ruiz
52433,WR,Brandon Aiyuk
52434,QB,Jordan Love
52435,ILB,Jordyn Brooks
52436,ILB,Patrick Queen
52438,CB,Noah Igbinoghene
52440,RB,Clyde Edwards-Helaire
52441,WR,Tee Higgins
52442,WR,Michael Pittman
52443,RB,D'Andre Swift
52444,FS,Xavier McKinney
52445,FS,Kyle Dugger
52446,OLB,Yetur Gross-Matos
52447,G,Robert Hunt
52448,DT,Ross Blacklock
52449,RB,Jonathan Taylor
52450,WR,Laviska Shenault
52451,TE,Cole Kmet
52452,SS,Grant Delpit
52453,FS,Antoine Winfield
52454,WR,K.J. Hamler
52456,OLB,Darrell Taylor
52457,WR,Chase Claypool
52458,CB,Jaylon Johnson
52459,CB,Trevon Diggs
52460,RB,Cam Akers
52461,QB,Jalen Hurts
52462,DE,A.J. Epenesa
52463,RB,J.K. Dobbins
52464,NT,Raekwon Davis
52465,WR,Van Jefferson
52466,G,Ezra Cleveland
52467,WR,Denzel Mims
52468,OLB,Josh Uche
52469,CB,Kristian Fulton
52470,RB,A.J. Dillon
52471,OLB,Willie Gay
52472,FS,Jeremy Chinn
52473,ILB,Logan Wilson
52474,RB,Antonio Gibson
52475,OLB,Julian Okwara
52476,SS,Ashtyn Davis
52477,G,Damien Lewis
52478,SS,Brandon Jones
52479,DT,Justin Madubuike
52480,G,Josh Jones
52481,DT,Davon Hamilton
52482,OLB,Zack Baun
52483,G,Jonah Jackson
52484,RB,Ke'Shawn Vaughn
52485,CB,Michael Ojemudia
52486,C,Matt Hennessy
52488,WR,Lynn Bowden
52489,WR,Bryan Edwards
52490,DT,Neville Gallimore
52491,C,Lloyd Cushenberry
52492,OLB,Terrell Lewis
52493,FS,Julian Blackmon
52494,RB,Zack Moss
52495,OLB,Anfernee Jennings
52496,DT,Jordan Elliott
52497,CB,Cameron Dantzler
52498,DE,Jonathan Greenard
52499,TE,Devin Asiasi
52500,WR,Devin Duvernay
52502,TE,Josiah Deguara
52505,MLB,Jacob Phillips
52506,OLB,Malik Harrison
52510,OLB,Alex Highsmith
52512,FS,Terrell Burgess
52513,TE,Adam Trautman
52514,T,Tyre Phillips
52515,OLB,Akeem Davis-Gaither
52516,T,Saahdiq Charles
52517,G,John Simpson
52518,CB,Darnay Holmes
52520,RB,Joshua Kelley
52522,DT,Leki Fotu
52523,TE,Harrison Bryant
52524,G,Ben Bartch
52525,OLB,D.J. Wonnum
52526,TE,Albert Okwuegbunam
52527,ILB,Mykal Walker
52529,G,Logan Stenberg
52530,QB,Jacob Eason
52534,T,Charlie Heck
52535,SS,K'Von Wallace
52536,WR,Gabe Davis
52538,NT,James Lynch
52539,NT,Rashard Lawrence
52540,ILB,Troy Dye
52541,TE,Colby Parkinson
52542,FS,Jaylinn Hawkins
52543,G,Kevin Dotson
52544,TE,Brycen Hopkins
52545,CB,Josiah Scott
52546,CB,L'Jarius Sneed
52547,CB,Amik Robertson
52551,G,Ben Bredeson
52552,RB,DeeJay Dallas
52553,T,Jack Driscoll
52554,C,Tyler Biadasz
52557,G,Danny Pinter
52561,T,Colton McKivitz
52563,OLB,Trevis Gipson
52566,CB,Bryce Hall
52569,WR,Tyler Johnson
52570,MLB,Khaleke Hudson
52571,CB,Kindle Vildor
52574,WR,Quintez Cephus
52578,DT,Broderick Washington
52581,WR,Darnell Mooney
52582,DT,Larrell Murchison
52584,WR,K.J. Osborn
52585,DE,Michael Danna
52588,G,Hakeem Adeniji
52590,G,Michael Onwenu
52592,DT,Bravvion Roy
52594,SS,Alohi Gilman
52595,WR,Donovan Peoples-Jones
52598,TE,Charlie Woerner
52600,G,Jon Runyan
52603,T,Justin Herron
52607,SS,Jordan Fuller
52608,WR,Quez Watkins
52609,WR,James Proche
52611,T,Blake Brandel
52613,SS,Josh Metellus
52614,TE,Tyler Davis
52615,WR,Isaiah Hodgins
52616,C,Jake Hanson
52618,T,Prince Tega Wanogho
52619,CB,Isaiah Rodgers
52620,WR,Dezmon Patmon
52623,ILB,Markus Bailey
52624,SS,Kamren Curl
52625,WR,Jauan Jennings
52627,SS,Geno Stone
52630,RB,Eno Benjamin
52637,DE,James Smith-Williams
52640,DT,Carlos Davis
52641,DE,Casey Toohill
52647,CB,Dane Jackson
52650,OLB,Jonathan Garvin
52651,CB,Chris Jackson
52658,T,Tremayne Anchrum
52659,TE,Stephen Sullivan
52660,WR,Tyrie Cleveland
52662,OLB,Derrek Tuszka
52663,ILB,Tae Crowder
52665,DT,Malcolm Roach
52666,T,Calvin Throckmorton
52673,TE,Mitchell Wilcox
52697,CB,James Pierre
52706,ILB,Jonas Griffith
52708,RB,Jamycal Hasty
52721,WR,Binjimen Victor
52725,TE,Ben Ellefson
52733,RB,James Robinson
52743,DT,Benito Jones
52759,DT,Chris Williams
52762,RB,Tony Jones
52764,CB,Essang Bassey
52766,WR,Kendall Hinton
52778,WR,Andre Baccellia
52792,DT,Tershawn Wharton
52797,OLB,Joe Bachie
52835,DT,Michael Hoecht
52844,ILB,Christian Rozeboom
52846,DT,Jonah Williams
52848,DE,Myles Adams
52852,FS,Myles Hartsfield
52858,TE,Giovanni Ricci
52863,ILB,Krys Barnes
52873,DE,Delontae Scott
52894,C,Trystan Colon
52904,CB,Elijah Riley
52907,TE,Noah Togiai
52913,FS,Bobby Price
52922,RB,Salvon Ahmed
52932,OLB,Ladarius Hamilton
52934,TE,Sean McKeon
52938,T,Terence Steele
52942,TE,Juwan Johnson
52945,CB,Jace Whittaker
52952,DE,Benning Potoa'e
52971,OLB,Jamir Jones
52980,FS,Juju Hughes
52991,CB,Myles Bryant
53000,RB,J.J. Taylor
53009,G,Nick Leverett
53018,CB,A.J. Green
53027,G,Brandon Walton
53041,RB,Rico Dowdle
53047,TE,Lawrence Cager
53050,DT,Domenique Davis
53051,CB,Javelin Guidry
53053,DE,Bryce Huff
53054,CB,Lamar Jackson
53059,ILB,Kristian Welch
53063,G,Aaron Brewer
53068,WR,Mason Kinsey
53073,DT,Teair Tart
53074,WR,Nick Westbrook-Ikhine
53079,FB,Reggie Gilliam
53085,G,Dieter Eiselen
53098,WR,Marquez Callaway
53117,WR,Kavontae Turpin
53244,WR,Michael Bandy
53315,OLB,Aaron Patrick
53430,QB,Trevor Lawrence
53431,QB,Zach Wilson
53432,QB,Trey Lance
53433,TE,Kyle Pitts
53434,WR,Ja'Marr Chase
53435,WR,Jaylen Waddle
53436,T,Penei Sewell
53437,CB,Jaycee Horn
53438,CB,Patrick Surtain
53439,WR,DeVonta Smith
53440,QB,Justin Fields
53441,OLB,Micah Parsons
53442,T,Rashawn Slater
53443,G,Alijah Vera-Tucker
53444,QB,Mac Jones
53445,OLB,Zaven Collins
53447,OLB,Jaelan Phillips
53448,OLB,Jamin Davis
53449,WR,Kadarius Toney
53450,DE,Kwity Paye
53451,CB,Caleb Farley
53452,T,Christian Darrisaw
53453,RB,Najee Harris
53454,RB,Travis Etienne
53455,CB,Greg Newsome
53456,WR,Rashod Bateman
53457,DE,Payton Turner
53458,CB,Eric Stokes
53459,DE,Gregory Rousseau
53460,OLB,Odafe Oweh
53461,OLB,Joe Tryon
53462,CB,Tyson Campbell
53463,WR,Elijah Moore
53464,RB,Javonte Williams
53465,FS,Jevon Holland
53466,G,Landon Dickerson
53467,DT,Christian Barmore
53468,T,Teven Jenkins
53469,SS,Richie Grant
53471,T,Liam Eichenberg
53472,FS,Trevon Moehrig
53473,CB,Kelvin Joseph
53474,T,Walker Little
53476,CB,Asante Samuel
53477,G,Aaron Banks
53478,WR,Rondale Moore
53479,OLB,Azeez Ojulari
53480,T,Samuel Cosmi
53481,OLB,Jeremiah Owusu-Koramoah
53482,T,Dillon Radunz
53483,DE,Dayo Odeyingbo
53484,TE,Pat Freiermuth
53485,WR,D'Wayne Eskridge
53486,WR,Tutu Atwell
53487,ILB,Nick Bolton
53488,WR,Terrace Marshall
53489,OLB,Pete Werner
53490,DE,Carlos Basham
53491,C,Josh Myers
53492,C,Creed Humphrey
53494,SS,Andre Cisco
53496,QB,Davis Mills
53498,DE,Joseph Ossai
53499,T,Brady Christensen
53500,CB,Aaron Robinson
53501,NT,Alim McNeill
53502,DT,Milton Williams
53503,CB,Benjamin St-Juste
53504,DT,Osa Odighizuwa
53505,CB,Paulson Adebo
53506,WR,Josh Palmer
53508,DE,Malcolm Koonce
53509,OLB,Divine Deablo
53510,TE,Hunter Long
53511,WR,Dyami Brown
53512,TE,Tommy Tremble
53513,DE,Chauncey Golston
53514,WR,Amari Rodgers
53515,G,Wyatt Davis
53517,RB,Trey Sermon
53518,WR,Nico Collins
53519,OLB,Patrick Jones
53520,WR,Anthony Schwartz
53521,ILB,Monty Rice
53522,T,Spencer Brown
53524,C,Robert Hainsey
53526,TE,Tre' McKitty
53527,G,Quinn Meinerz
53530,CB,Ifeatu Melifonwu
53531,CB,Ambry Thomas
53532,ILB,Ernest Jones
53533,FS,Brandon Stephens
53534,ILB,Baron Browning
53535,DT,Jay Tufele
53536,RB,Michael Carter
53537,CB,Darren Hall
53538,WR,Dez Fitzpatrick
53539,T,James Hudson
53540,DE,Cam Sample
53541,WR,Amon-Ra St. Brown
53542,ILB,Derrick Barnes
53543,C,Drew Dalman
53545,OLB,Elerson Smith
53547,OLB,Chris Rumph
53549,RB,Rhamondre Stevenson
53551,NT,Tyler Shelvin
53552,CB,Zech McPhearson
53553,TE,John Bates
53554,FS,Camryn Bynum
53555,RB,Chuba Hubbard
53556,TE,Kylen Granson
53557,T,Dan Moore
53558,WR,Jaelon Darden
53559,CB,Robert Rochell
53560,WR,Tylan Wallace
53561,DT,Tommy Togiai
53564,OLB,Rashad Weaver
53565,CB,Marco Wilson
53568,G,D'Ante Smith
53570,WR,Jacob Harris
53571,T,Royce Newman
53574,TE,Luke Farrell
53575,ILB,Jamien Sherwood
53576,TE,Brevin Jordan
53577,DE,Ta'Quon Graham
53579,RB,Kenneth Gainwell
53580,T,Larry Borom
53581,FS,Caden Sterns
53582,OLB,Tony Fields
53583,CB,Michael Carter
53584,T,Jaylon Moore
53585,DE,Isaiahh Loudermilk
53586,WR,Ihmir Smith-Marsette
53587,DT,Daviyon Nixon
53588,G,Brenden Jaimes
53589,CB,Shaun Wade
53590,T,Tommy Doyle
53591,TE,Noah Gray
53592,SS,Darrick Forrest
53595,CB,Keith Taylor
53596,CB,Nate Hobbs
53599,OLB,Garret Wallow
53601,CB,Deommodore Lenoir
53602,DT,Tedarrell Slaton
53604,FS,Jason Pinnock
53607,CB,Shemar Jean-Charles
53608,WR,Simi Fehoko
53609,SS,Talanoa Hufanga
53611,OLB,Adetokunbo Ogundeji
53612,RB,Avery Williams
53615,ILB,Hamsah Nasirildeen
53616,WR,Frank Darby
53617,FS,Joshuah Bledsoe
53618,DT,Marlon Tuipulotu
53619,C,Trey Hill
53620,DE,Tarron Jackson
53621,DT,Quinton Bohanna
53623,RB,Elijah Mitchell
53624,DT,Roy Lopez
53625,RB,Gary Brightwell
53629,CB,Brandin Echols
53631,RB,Chris Evans
53633,WR,Shi Smith
53635,T,Landon Young
53638,WR,Jalen Camp
53639,OLB,Victor Dimukeje
53640,RB,Demetric Felton
53641,SS,Damar Hamlin
53642,CB,Rachad Wildgoose
53643,G,Cole Van Lanen
53645,OLB,Quincy Roche
53646,RB,Khalil Herbert
53647,QB,Sam Ehlinger
53649,ILB,Isaiah McDuffie
53655,G,Trey Smith
53656,SS,Israel Mukuamu
53658,WR,Mike Strachan
53661,DT,Phil Hoskins
53662,RB,Jake Funk
53663,ILB,Patrick Johnson
53665,G,Jack Anderson
53667,G,Matt Farniok
53668,OLB,Jonathon Cooper
53669,DE,William Bradley-King
53674,FS,Tre Norwood
53675,DE,Shaka Toney
53677,G,Will Fries
53678,WR,Ben Skowronek
53679,NT,Khyiris Tonga
53685,RB,Kylin Hill
53687,WR,Dax Milne
53703,RB,Deon Jackson
53707,WR,Tim Jones
53712,DT,Michael Dwumfour
53715,TE,Kenny Yeboah
53716,OLB,Milo Eifler
53727,T,Devery Hamilton
53732,WR,D.J. Turner
53739,TE,Shane Zylstra
53746,RB,Spencer Brown
53819,FS,Ar'Darius Washington
53854,CB,Nick McCloud
53855,TE,Quintin Morris
53861,G,Robert Jones
53868,T,Alaric Jackson
53883,CB,Dicaprio Bootle
53887,DE,Malik Herring
53894,DT,Marvin Wilson
53896,FB,Tory Carter
53897,TE,Miller Forristall
53900,DT,Naquan Jones
53932,FB,Adam Prentice
53941,T,Kayode Awosika
53946,TE,Jack Stoll
53953,CB,Jerry Jacobs
53957,CB,A.J. Parker
53959,TE,Brock Wright
54003,CB,Bryce Thompson
54006,T,Jake Curhan
54038,TE,Feleipe Franks
54042,RB,Caleb Huntley
54044,OLB,Kobe Jones
54428,WR,Maurice Alexander
54466,OLB,Travon Walker
54467,DE,Aidan Hutchinson
54468,CB,Derek Stingley
54469,CB,Ahmad Gardner
54470,OLB,Kayvon Thibodeaux
54471,T,Ikem Ekwonu
54472,T,Evan Neal
54473,WR,Drake London
54474,T,Charles Cross
54475,WR,Garrett Wilson
54476,WR,Chris Olave
54478,DT,Jordan Davis
54479,FS,Kyle Hamilton
54480,G,Kenyon Green
54481,WR,Jahan Dotson
54482,G,Zion Johnson
54483,WR,Treylon Burks
54485,QB,Kenny Pickett
54486,CB,Trent McDuffie
54487,ILB,Quay Walker
54488,CB,Kaiir Elam
54489,T,Tyler Smith
54490,C,Tyler Linderbaum
54491,DE,Jermaine Johnson
54492,ILB,Devin Lloyd
54493,DT,Devonte Wyatt
54494,G,Cole Strange
54495,DE,George Karlaftis
54496,FS,Dax Hill
54497,FS,Lewis Cine
54498,DE,Logan Hall
54499,WR,Christian Watson
54500,CB,Roger McCreary
54501,RB,Breece Hall
54502,FS,Jalen Pitre
54503,OLB,Arnold Ebiketie
54504,CB,Kyler Gordon
54505,OLB,Boye Mafe
54506,RB,Kenneth Walker
54508,WR,Wan'Dale Robinson
54511,DT,Josh Paschal
54512,DT,Phidarian Mathis
54513,SS,Jaquan Brisker
54514,CB,Alontae Taylor
54515,WR,Tyquan Thornton
54516,C,Cam Jurgens
54517,WR,George Pickens
54518,WR,Alec Pierce
54519,WR,Skyy Moore
54520,TE,Trey McBride
54521,DE,Sam Williams
54522,G,Luke Goedeke
54523,ILB,Troy Andersen
54524,G,Ed Ingram
54525,CB,Cam Taylor-Britt
54526,DE,Drake Jackson
54527,SS,Bryan Cook
54528,RB,James Cook
54529,OLB,Nik Bonitto
54530,C,Luke Fortner
54531,ILB,Brian Asamoah
54532,G,Joshua Ezeudu
54533,CB,Martin Emerson
54534,T,Nicholas Petit-Frere
54535,ILB,Chad Muma
54536,WR,Velus Jones
54537,T,Abraham Lucas
54538,TE,Jelani Woods
54540,ILB,Christian Harris
54541,DT,Travis Jones
54542,T,Bernhard Raimann
54543,DE,Alex Wright
54545,TE,Greg Dulcich
54546,CB,Cordale Flott
54547,OLB,DeAngelo Malone
54548,ILB,Nakobe Dean
54549,DE,DeMarvin Leal
54550,CB,Marcus Jones
54551,QB,Malik Willis
54552,OLB,Cameron Thomas
54553,WR,Jalen Tolbert
54554,OLB,Terrel Bernard
54555,G,Dylan Parham
54556,RB,Rachaad White
54558,RB,Tyrion Davis-Price
54560,DT,Zach Carter
54561,SS,Nick Cross
54562,SS,Kerby Joseph
54563,RB,Brian Robinson
54564,WR,David Bell
54565,OLB,Myjai Sanders
54566,TE,Jeremy Ruckert
54567,ILB,Channing Tindall
54568,OLB,Leo Chenal
54570,WR,Danny Gray
54571,TE,Cade Otton
54572,RB,Dameon Pierce
54573,DT,Perrion Winfrey
54574,CB,Coby Bryant
54575,T,Daniel Faalele
54576,T,Max Mitchell
54577,TE,Daniel Bellinger
54578,FS,Percy Butler
54579,FS,Dane Belton
54580,CB,Damarri Mathis
54581,DE,Eyioma Uwazurike
54582,DE,Micheal Clemons
54583,CB,Akayleb Evans
54584,CB,Jalyn Armour-Davis
54585,ILB,Brandon Smith
54586,CB,Jack Jones
54587,RB,Zamir White
54588,RB,Isaiah Spiller
54591,DT,Neil Farrell
54592,RB,Pierre Strong
54594,TE,Jake Ferguson
54596,RB,Hassan Haskins
54597,WR,Romeo Doubs
54599,G,Spencer Burford
54600,CB,Joshua Williams
54601,G,Cordell Volson
54602,QB,Bailey Zappe
54604,TE,Isaiah Likely
54605,T,Zach Tom
54606,CB,Damarion Williams
54607,CB,Cobie Durant
54608,TE,Chigoziem Okonkwo
54611,ILB,Micah McFadden
54612,DT,D.J. Davidson
54613,WR,Khalil Shakir
54614,TE,Cole Turner
54615,DT,Thomas Booker
54616,RB,Tyler Allgeier
54618,CB,Tariq Woolen
54619,RB,Snoop Conner
54622,CB,Zyon McCollum
54624,DT,Eric Johnson
54625,DT,Otito Ogbonnia
54627,WR,Montrell Washington
54628,WR,Kyle Philips
54632,CB,Daron Bland
54633,T,Braxton Jones
54635,TE,Teagan Quitoriano
54636,C,Luke Wattenberg
54637,CB,Samuel Womack
54639,DE,Dominique Robinson
54640,DT,Matthew Butler
54641,ILB,Damone Clark
54642,TE,James Mitchell
54643,DT,John Ridgeway
54644,OLB,Kingsley Enagbare
54646,OLB,Kyron Johnson
54648,RB,Kevin Harris
54650,CB,Christian Benford
54653,ILB,Malcolm Rodriguez
54654,OLB,Amare Barno
54656,WR,Jalen Nailor
54660,G,Jamaree Salyer
54663,TE,Grant Calcaterra
54665,DT,Sam Roberts
54666,RB,Keaontay Ingram
54667,WR,Mike Woods
54668,RB,Trestan Ebner
54671,DE,Matt Henningsen
54673,TE,Connor Heyward
54677,CB,Derion Kendrick
54680,C,Lecitus Smith
54683,TE,Ko Kieft
54686,CB,Tariq Castro-Fields
54687,CB,Montaric Brown
54688,DE,Isaiah Thomas
54696,OLB,Baylon Spector
54698,WR,Dareke Young
54702,CB,Chase Lucas
54703,T,Thayer Munford
54704,FS,Rodney Thomas
54705,CB,Christian Holmes
54708,CB,Jaylen Watson
54709,CB,Christian Matthew
54712,QB,Skylar Thompson
54716,RB,Isiah Pacheco
54717,DE,Jeff Gunter
54718,FS,Russ Yeast
54721,OLB,Jesse Luketa
54723,WR,Samori Toure
54725,RB,Zander Horvath
54727,QB,Brock Purdy
54733,NT,Donovan Jeter
54750,OLB,Keir Thomas
54758,OLB,De'Shaan Dixon
54778,CB,Jaylon Jones
54781,ILB,Jack Sanborn
54784,TE,Jake Tonges
54810,WR,Britain Covey
54827,DE,Joshua Onujiogu
54833,FS,Tony Adams
54846,TE,Armani Rogers
54850,WR,Kyric Mcgowan
54871,DE,DaMarcus Mitchell
54905,RB,Jaylen Warren
54915,FS,D'Anthony Bell
54931,WR,Tanner Conner
54936,CB,Kader Kohou
54937,SS,Verone McKinley
54938,WR,Braylon Sanders
54939,DT,Ben Stille
54948,NT,Marquan McCall
54949,OLB,Arron Mosby
55000,CB,Allan George
55014,RB,Raheem Blackshear
55016,DE,Kingsley Jonathan
55030,DT,Demetrius Taylor
55032,OLB,Tomon Fox
55042,FB,Troy Hairston
55043,OLB,Jake Hansen
55045,DT,Kurt Hinish
55071,WR,Kaylon Geiger
55087,OLB,Luiji Vilain
55104,CB,Sam Webb
55105,OLB,Luke Masterson
55113,RB,Jordan Mason
55125,G,Lewis Kidd
55133,WR,Rashid Shaheed
55145,RB,Ronnie Rivers
55149,FS,Markquese Bell
55151,RB,Malik Davis
55157,TE,Peyton Hendershot
55158,WR,Dennis Houston
55168,WR,Jared Bernhardt
55173,DT,Timmy Horne
55175,ILB,Nate Landman
55181,CB,Tre Avery
55190,DE,Sam Okuayinonu
55200,DT,Ryder Anderson
55212,ILB,Jake Hummel
55239,DT,Prince Emili
55240,CB,Ja'Marcus Ingram
55241,DT,C.J. Brewer
